{
  "baseline_metrics": {
    "mae": 1.35473594049324,
    "rmse": 2.091200244616396,
    "directional_accuracy": 0.5073587896169945,
    "binary_f1": 0.5536349289847448,
    "class_accuracy": 0.2681734526221675,
    "macro_f1": 0.13071358717040749,
    "samples": 172243,
    "direction_auc": 0.5082492762347759,
    "calibration": {
      "score": 0.5895964147054594,
      "scale": 0.7749999999999999,
      "bias": 0.025000000000000022
    }
  }
}