{
  "baseline_metrics": {
    "mae": 1.402536472682266,
    "rmse": 2.1359506307194778,
    "directional_accuracy": 0.5034689363283268,
    "binary_f1": 0.5405097567265538,
    "class_accuracy": 0.2629540823139402,
    "macro_f1": 0.14435590226180736,
    "samples": 172243,
    "direction_auc": 0.5041233189141148,
    "calibration": {
      "score": 0.5976010161529981,
      "scale": 0.7,
      "bias": -0.025000000000000022
    }
  }
}